alef,thiagoaaaaa,Saokon,"May 16, 2023, 22:14 ",646427f6400b3
"as,dma",alef,Saokon,"May 16, 2023, 22:07 ",646428850d1d3
alef,alefaefl,Saokon,"May 16, 2023, 22:16 ",64642afa8b80f
alef,alefaefl,Saokon,"May 16, 2023, 22:16 ",64642afc23aa0
alef,alefaefl,Saokon,"May 16, 2023, 22:16 ",64642b0040dd6
alef,alefaefl,Saokon,"May 16, 2023, 22:16 ",64642b005525a
alef,alefaefl,Saokon,"May 16, 2023, 22:16 ",64642b00a0658
alef,alefaefl,Saokon,"May 16, 2023, 22:16 ",64642b09989e6
alef,alefaefl,Saokon,"May 16, 2023, 22:16 ",64642b09bdf13
alef,alefaefl,Saokon,"May 16, 2023, 22:16 ",64642b09e70c6
alef,alefaefl,Saokon,"May 16, 2023, 22:16 ",64642b0a1fc46
alef,alefaefl,Saokon,"May 16, 2023, 22:16 ",64642b0a4c691
alef,aefthiago,Saokon,"May 16, 2023, 22:17 ",64642b2002a13
